<?xml version="1.0" encoding="utf-8"?>
<resources>
    <color name="transparent">#00000000</color>
    <color name="status_text">#ffffffff</color>
    <color name="result_points">#c099cc00</color> <!-- Android standard ICS color -->
    <color name="viewfinder_mask">#60000000</color>
    <color name="result_view">#b0000000</color>
    <color name="viewfinder_laser">#ffcc0000</color> <!-- Android standard ICS color -->
    <color name="possible_result_points">#c0ffbd21</color> <!-- Android standard ICS color -->
</resources>
