<?xml version="1.0" encoding="utf-8"?>
<resources>

    <string name="app_name">QrCode</string>
    <string name="action_settings">Settings</string>
    <string name="hello_world">Hello world!</string>

    <string name="msg_default_status">Place a barcode inside the viewfinder rectangle to scan it.</string>
    <string name="msg_camera_framework_bug">Sorry, the Android camera encountered a problem. You may need to restart the device.</string>
    <string name="button_ok">OK</string>
    
</resources>
